{"stats":{"minecraft:dropped":{"minecraft:writable_book":1},"minecraft:used":{"minecraft:polished_deepslate":14,"minecraft:stone_pickaxe":30,"minecraft:oak_sign":1,"minecraft:polished_basalt":2,"minecraft:wooden_pickaxe":22,"minecraft:stone_axe":4,"minecraft:torch":1,"minecraft:dirt":4,"minecraft:oak_slab":1,"minecraft:crafting_table":1},"minecraft:picked_up":{"minecraft:book":15,"minecraft:birch_log":27,"minecraft:oak_slab":3,"minecraft:stick":7,"minecraft:crafting_table":1,"minecraft:ladder":6,"minecraft:deepslate_brick_wall":6,"minecraft:torch":1,"minecraft:oak_stairs":2,"minecraft:porkchop":7,"minecraft:oak_log":3,"minecraft:diorite":3,"minecraft:spruce_log":10,"minecraft:polished_deepslate":18,"minecraft:dirt":18,"minecraft:lantern":1,"minecraft:smooth_stone_slab":3,"minecraft:oak_sign":14,"minecraft:soul_lantern":1,"minecraft:smooth_stone":3,"minecraft:deepslate_brick_slab":16,"minecraft:writable_book":1,"minecraft:polished_basalt":17,"minecraft:azalea":1,"minecraft:lectern":1,"minecraft:oak_sapling":4,"minecraft:moss_block":1,"minecraft:deepslate_brick_stairs":3,"minecraft:birch_sapling":8,"minecraft:coal":25,"minecraft:cobblestone":61},"minecraft:crafted":{"minecraft:crafting_table":1,"minecraft:stick":16,"minecraft:wooden_pickaxe":2,"minecraft:stone_pickaxe":2,"minecraft:stone_sword":1,"minecraft:torch":32,"minecraft:birch_planks":108,"minecraft:stone_axe":1},"minecraft:custom":{"minecraft:time_since_rest":896,"minecraft:sprint_one_cm":10858,"minecraft:damage_taken":725,"minecraft:walk_one_cm":31833,"minecraft:mob_kills":3,"minecraft:drop":1,"minecraft:damage_dealt":300,"minecraft:interact_with_crafting_table":3,"minecraft:fly_one_cm":21332,"minecraft:crouch_one_cm":225,"minecraft:play_time":11546,"minecraft:deaths":2,"minecraft:sneak_time":129,"minecraft:interact_with_lectern":1,"minecraft:jump":147,"minecraft:leave_game":1,"minecraft:time_since_death":867,"minecraft:total_world_time":11546,"minecraft:climb_one_cm":200,"minecraft:fall_one_cm":11380},"minecraft:mined":{"minecraft:birch_log":27,"minecraft:birch_leaves":2,"minecraft:crafting_table":1,"minecraft:grass_block":1,"minecraft:coal_ore":25,"minecraft:dirt":3,"minecraft:stone":23},"minecraft:killed_by":{"apollyon:the_infector":1},"minecraft:killed":{"minecraft:pig":3}},"DataVersion":3465}